{
  "properties": {
    "connectionReferences": {},
    "definition": {
      "$schema": "https://schema.management.azure.com/providers/Microsoft.Logic/schemas/2016-06-01/workflowdefinition.json#",
      "contentVersion": "1.0.0.0",
      "parameters": {
        "$authentication": {
          "defaultValue": {},
          "type": "SecureObject"
        }
      },
      "triggers": {
        "manual": {
          "metadata": {
            "operationMetadataId": "8b2d3adc-978a-4a97-9b60-fa9613f6d801"
          },
          "type": "Request",
          "kind": "PowerAppV2",
          "inputs": {
            "schema": {
              "type": "object",
              "properties": {
                "boolean": {
                  "title": "openBD",
                  "type": "boolean",
                  "x-ms-dynamically-added": true,
                  "description": "openBDから取得する場合は[はい]",
                  "x-ms-content-hint": "BOOLEAN"
                },
                "text": {
                  "title": "ISBN",
                  "type": "string",
                  "x-ms-dynamically-added": true,
                  "description": "ISBNを指定してください",
                  "x-ms-content-hint": "TEXT"
                }
              },
              "required": [
                "boolean",
                "text"
              ]
            }
          }
        }
      },
      "actions": {
        "条件": {
          "actions": {
            "EndpointURL": {
              "runAfter": {},
              "metadata": {
                "operationMetadataId": "e8505be0-8b2f-4ee3-a579-0dcc7ae46500"
              },
              "type": "Compose",
              "inputs": "https://api.openbd.jp/v1/get?isbn=@{triggerBody()['text']}"
            },
            "HTTP": {
              "runAfter": {
                "EndpointURL": [
                  "Succeeded"
                ]
              },
              "metadata": {
                "operationMetadataId": "ba10ac8b-8581-4afa-9d7f-664e262b5ff7"
              },
              "type": "Http",
              "inputs": {
                "method": "GET",
                "uri": "@{outputs('EndpointURL')}"
              }
            },
            "Body": {
              "runAfter": {
                "HTTP": [
                  "Succeeded"
                ]
              },
              "metadata": {
                "operationMetadataId": "72098769-95cc-438f-95b1-b4a569904154"
              },
              "type": "Compose",
              "inputs": "@body('HTTP')"
            },
            "JSON_の解析": {
              "runAfter": {
                "Body": [
                  "Succeeded"
                ]
              },
              "metadata": {
                "operationMetadataId": "596d8213-fe3e-473f-9e51-56d991a5e2aa"
              },
              "type": "ParseJson",
              "inputs": {
                "content": "@outputs('Body')",
                "schema": {
                  "type": "array",
                  "items": {
                    "type": "object",
                    "properties": {
                      "onix": {
                        "type": "object",
                        "properties": {
                          "RecordReference": {
                            "type": "string"
                          },
                          "NotificationType": {
                            "type": "string"
                          },
                          "ProductIdentifier": {
                            "type": "object",
                            "properties": {
                              "ProductIDType": {
                                "type": "string"
                              },
                              "IDValue": {
                                "type": "string"
                              }
                            }
                          },
                          "DescriptiveDetail": {
                            "type": "object",
                            "properties": {
                              "ProductComposition": {
                                "type": "string"
                              },
                              "ProductForm": {
                                "type": "string"
                              },
                              "ProductFormDetail": {
                                "type": "string"
                              },
                              "ProductPart": {
                                "type": "array",
                                "items": {
                                  "type": "object",
                                  "properties": {
                                    "ProductForm": {
                                      "type": "string"
                                    },
                                    "ProductFormDescription": {
                                      "type": "string"
                                    },
                                    "NumberOfItemsOfThisForm": {
                                      "type": "string"
                                    }
                                  },
                                  "required": [
                                    "ProductForm",
                                    "ProductFormDescription",
                                    "NumberOfItemsOfThisForm"
                                  ]
                                }
                              },
                              "Collection": {
                                "type": "object",
                                "properties": {
                                  "CollectionType": {
                                    "type": "string"
                                  },
                                  "TitleDetail": {
                                    "type": "object",
                                    "properties": {
                                      "TitleType": {
                                        "type": "string"
                                      },
                                      "TitleElement": {
                                        "type": "array",
                                        "items": {
                                          "type": "object",
                                          "properties": {
                                            "TitleElementLevel": {
                                              "type": "string"
                                            },
                                            "TitleText": {
                                              "type": "object",
                                              "properties": {
                                                "collationkey": {
                                                  "type": "string"
                                                },
                                                "content": {
                                                  "type": "string"
                                                }
                                              }
                                            }
                                          },
                                          "required": [
                                            "TitleElementLevel",
                                            "TitleText"
                                          ]
                                        }
                                      }
                                    }
                                  }
                                }
                              },
                              "TitleDetail": {
                                "type": "object",
                                "properties": {
                                  "TitleType": {
                                    "type": "string"
                                  },
                                  "TitleElement": {
                                    "type": "object",
                                    "properties": {
                                      "TitleElementLevel": {
                                        "type": "string"
                                      },
                                      "TitleText": {
                                        "type": "object",
                                        "properties": {
                                          "collationkey": {
                                            "type": "string"
                                          },
                                          "content": {
                                            "type": "string"
                                          }
                                        }
                                      }
                                    }
                                  }
                                }
                              },
                              "Contributor": {
                                "type": "array",
                                "items": {
                                  "type": "object",
                                  "properties": {
                                    "SequenceNumber": {
                                      "type": "string"
                                    },
                                    "ContributorRole": {
                                      "type": "array",
                                      "items": {
                                        "type": "string"
                                      }
                                    },
                                    "PersonName": {
                                      "type": "object",
                                      "properties": {
                                        "collationkey": {
                                          "type": "string"
                                        },
                                        "content": {
                                          "type": "string"
                                        }
                                      }
                                    },
                                    "BiographicalNote": {
                                      "type": "string"
                                    }
                                  },
                                  "required": [
                                    "SequenceNumber",
                                    "ContributorRole",
                                    "PersonName",
                                    "BiographicalNote"
                                  ]
                                }
                              },
                              "Language": {
                                "type": "array",
                                "items": {
                                  "type": "object",
                                  "properties": {
                                    "LanguageRole": {
                                      "type": "string"
                                    },
                                    "LanguageCode": {
                                      "type": "string"
                                    }
                                  },
                                  "required": [
                                    "LanguageRole",
                                    "LanguageCode"
                                  ]
                                }
                              },
                              "Extent": {
                                "type": "array",
                                "items": {
                                  "type": "object",
                                  "properties": {
                                    "ExtentType": {
                                      "type": "string"
                                    },
                                    "ExtentValue": {
                                      "type": "string"
                                    },
                                    "ExtentUnit": {
                                      "type": "string"
                                    }
                                  },
                                  "required": [
                                    "ExtentType",
                                    "ExtentValue",
                                    "ExtentUnit"
                                  ]
                                }
                              },
                              "Subject": {
                                "type": "array",
                                "items": {
                                  "type": "object",
                                  "properties": {
                                    "MainSubject": {
                                      "type": "string"
                                    },
                                    "SubjectSchemeIdentifier": {
                                      "type": "string"
                                    },
                                    "SubjectCode": {
                                      "type": "string"
                                    },
                                    "SubjectHeadingText": {
                                      "type": "string"
                                    }
                                  },
                                  "required": [
                                    "MainSubject",
                                    "SubjectSchemeIdentifier"
                                  ]
                                }
                              },
                              "Audience": {
                                "type": "array",
                                "items": {
                                  "type": "object",
                                  "properties": {
                                    "AudienceCodeType": {
                                      "type": "string"
                                    },
                                    "AudienceCodeValue": {
                                      "type": "string"
                                    }
                                  },
                                  "required": [
                                    "AudienceCodeType",
                                    "AudienceCodeValue"
                                  ]
                                }
                              }
                            }
                          },
                          "CollateralDetail": {
                            "type": "object",
                            "properties": {
                              "TextContent": {
                                "type": "array",
                                "items": {
                                  "type": "object",
                                  "properties": {
                                    "TextType": {
                                      "type": "string"
                                    },
                                    "ContentAudience": {
                                      "type": "string"
                                    },
                                    "Text": {
                                      "type": "string"
                                    }
                                  },
                                  "required": [
                                    "TextType",
                                    "ContentAudience",
                                    "Text"
                                  ]
                                }
                              },
                              "SupportingResource": {
                                "type": "array",
                                "items": {
                                  "type": "object",
                                  "properties": {
                                    "ResourceContentType": {
                                      "type": "string"
                                    },
                                    "ContentAudience": {
                                      "type": "string"
                                    },
                                    "ResourceMode": {
                                      "type": "string"
                                    },
                                    "ResourceVersion": {
                                      "type": "array",
                                      "items": {
                                        "type": "object",
                                        "properties": {
                                          "ResourceForm": {
                                            "type": "string"
                                          },
                                          "ResourceVersionFeature": {
                                            "type": "array",
                                            "items": {
                                              "type": "object",
                                              "properties": {
                                                "ResourceVersionFeatureType": {
                                                  "type": "string"
                                                },
                                                "FeatureValue": {
                                                  "type": "string"
                                                }
                                              },
                                              "required": [
                                                "ResourceVersionFeatureType",
                                                "FeatureValue"
                                              ]
                                            }
                                          },
                                          "ResourceLink": {
                                            "type": "string"
                                          }
                                        },
                                        "required": [
                                          "ResourceForm",
                                          "ResourceVersionFeature",
                                          "ResourceLink"
                                        ]
                                      }
                                    }
                                  },
                                  "required": [
                                    "ResourceContentType",
                                    "ContentAudience",
                                    "ResourceMode",
                                    "ResourceVersion"
                                  ]
                                }
                              }
                            }
                          },
                          "PublishingDetail": {
                            "type": "object",
                            "properties": {
                              "Imprint": {
                                "type": "object",
                                "properties": {
                                  "ImprintIdentifier": {
                                    "type": "array",
                                    "items": {
                                      "type": "object",
                                      "properties": {
                                        "ImprintIDType": {
                                          "type": "string"
                                        },
                                        "IDValue": {
                                          "type": "string"
                                        }
                                      },
                                      "required": [
                                        "ImprintIDType",
                                        "IDValue"
                                      ]
                                    }
                                  },
                                  "ImprintName": {
                                    "type": "string"
                                  }
                                }
                              },
                              "Publisher": {
                                "type": "object",
                                "properties": {
                                  "PublishingRole": {
                                    "type": "string"
                                  },
                                  "PublisherIdentifier": {
                                    "type": "array",
                                    "items": {
                                      "type": "object",
                                      "properties": {
                                        "PublisherIDType": {
                                          "type": "string"
                                        },
                                        "IDValue": {
                                          "type": "string"
                                        }
                                      },
                                      "required": [
                                        "PublisherIDType",
                                        "IDValue"
                                      ]
                                    }
                                  },
                                  "PublisherName": {
                                    "type": "string"
                                  }
                                }
                              },
                              "PublishingDate": {
                                "type": "array",
                                "items": {
                                  "type": "object",
                                  "properties": {
                                    "PublishingDateRole": {
                                      "type": "string"
                                    },
                                    "Date": {
                                      "type": "string"
                                    }
                                  },
                                  "required": [
                                    "PublishingDateRole",
                                    "Date"
                                  ]
                                }
                              }
                            }
                          },
                          "ProductSupply": {
                            "type": "object",
                            "properties": {
                              "SupplyDetail": {
                                "type": "object",
                                "properties": {
                                  "ReturnsConditions": {
                                    "type": "object",
                                    "properties": {
                                      "ReturnsCodeType": {
                                        "type": "string"
                                      },
                                      "ReturnsCode": {
                                        "type": "string"
                                      }
                                    }
                                  },
                                  "ProductAvailability": {
                                    "type": "string"
                                  },
                                  "Price": {
                                    "type": "array",
                                    "items": {
                                      "type": "object",
                                      "properties": {
                                        "PriceType": {
                                          "type": "string"
                                        },
                                        "PriceAmount": {
                                          "type": "string"
                                        },
                                        "CurrencyCode": {
                                          "type": "string"
                                        }
                                      },
                                      "required": [
                                        "PriceType",
                                        "PriceAmount",
                                        "CurrencyCode"
                                      ]
                                    }
                                  }
                                }
                              }
                            }
                          }
                        }
                      },
                      "hanmoto": {
                        "type": "object",
                        "properties": {
                          "datemodified": {
                            "type": "string"
                          },
                          "datecreated": {
                            "type": "string"
                          }
                        }
                      },
                      "summary": {
                        "type": "object",
                        "properties": {
                          "isbn": {
                            "type": "string"
                          },
                          "title": {
                            "type": "string"
                          },
                          "volume": {
                            "type": "string"
                          },
                          "series": {
                            "type": "string"
                          },
                          "publisher": {
                            "type": "string"
                          },
                          "pubdate": {
                            "type": "string"
                          },
                          "cover": {
                            "type": "string"
                          },
                          "author": {
                            "type": "string"
                          }
                        }
                      }
                    },
                    "required": [
                      "onix",
                      "hanmoto",
                      "summary"
                    ]
                  }
                }
              }
            },
            "First": {
              "runAfter": {
                "JSON_の解析": [
                  "Succeeded"
                ]
              },
              "metadata": {
                "operationMetadataId": "f90acb11-d577-4f80-b4d5-edafd417fab7"
              },
              "type": "Compose",
              "inputs": "@first(body('JSON_の解析'))"
            },
            "変数の設定": {
              "runAfter": {
                "JSON_の解析_3": [
                  "Succeeded"
                ]
              },
              "metadata": {
                "operationMetadataId": "b09af7cf-9ed0-4137-a0f4-e4b2536c8da2"
              },
              "type": "SetVariable",
              "inputs": {
                "name": "Info",
                "value": {
                  "ISBN": "@{body('JSON_の解析_3')?['summary']?['isbn']}",
                  "書誌画像URL": "@{body('JSON_の解析_3')?['summary']?['cover']}",
                  "書名": "@{body('JSON_の解析_3')?['summary']?['title']}",
                  "著者": "@{body('JSON_の解析_3')?['summary']?['author']}",
                  "分類": "",
                  "場所": "",
                  "発行日": "@{body('JSON_の解析_3')?['summary']?['pubdate']}",
                  "発行者": "@{body('JSON_の解析_3')?['summary']?['publisher']}",
                  "備考": ""
                }
              }
            },
            "JSON_の解析_3": {
              "runAfter": {
                "First": [
                  "Succeeded"
                ]
              },
              "metadata": {
                "operationMetadataId": "02f5316c-409c-4243-8d27-5d3f8ab4a31a"
              },
              "type": "ParseJson",
              "inputs": {
                "content": "@outputs('First')",
                "schema": {
                  "type": "object",
                  "properties": {
                    "onix": {
                      "type": "object",
                      "properties": {
                        "RecordReference": {
                          "type": "string"
                        },
                        "NotificationType": {
                          "type": "string"
                        },
                        "ProductIdentifier": {
                          "type": "object",
                          "properties": {
                            "ProductIDType": {
                              "type": "string"
                            },
                            "IDValue": {
                              "type": "string"
                            }
                          }
                        },
                        "DescriptiveDetail": {
                          "type": "object",
                          "properties": {
                            "ProductComposition": {
                              "type": "string"
                            },
                            "ProductForm": {
                              "type": "string"
                            },
                            "ProductFormDetail": {
                              "type": "string"
                            },
                            "ProductPart": {
                              "type": "array",
                              "items": {
                                "type": "object",
                                "properties": {
                                  "ProductForm": {
                                    "type": "string"
                                  },
                                  "ProductFormDescription": {
                                    "type": "string"
                                  },
                                  "NumberOfItemsOfThisForm": {
                                    "type": "string"
                                  }
                                },
                                "required": [
                                  "ProductForm",
                                  "ProductFormDescription",
                                  "NumberOfItemsOfThisForm"
                                ]
                              }
                            },
                            "Collection": {
                              "type": "object",
                              "properties": {
                                "CollectionType": {
                                  "type": "string"
                                },
                                "TitleDetail": {
                                  "type": "object",
                                  "properties": {
                                    "TitleType": {
                                      "type": "string"
                                    },
                                    "TitleElement": {
                                      "type": "array",
                                      "items": {
                                        "type": "object",
                                        "properties": {
                                          "TitleElementLevel": {
                                            "type": "string"
                                          },
                                          "TitleText": {
                                            "type": "object",
                                            "properties": {
                                              "collationkey": {
                                                "type": "string"
                                              },
                                              "content": {
                                                "type": "string"
                                              }
                                            }
                                          }
                                        },
                                        "required": [
                                          "TitleElementLevel",
                                          "TitleText"
                                        ]
                                      }
                                    }
                                  }
                                }
                              }
                            },
                            "TitleDetail": {
                              "type": "object",
                              "properties": {
                                "TitleType": {
                                  "type": "string"
                                },
                                "TitleElement": {
                                  "type": "object",
                                  "properties": {
                                    "TitleElementLevel": {
                                      "type": "string"
                                    },
                                    "TitleText": {
                                      "type": "object",
                                      "properties": {
                                        "collationkey": {
                                          "type": "string"
                                        },
                                        "content": {
                                          "type": "string"
                                        }
                                      }
                                    }
                                  }
                                }
                              }
                            },
                            "Contributor": {
                              "type": "array",
                              "items": {
                                "type": "object",
                                "properties": {
                                  "SequenceNumber": {
                                    "type": "string"
                                  },
                                  "ContributorRole": {
                                    "type": "array",
                                    "items": {
                                      "type": "string"
                                    }
                                  },
                                  "PersonName": {
                                    "type": "object",
                                    "properties": {
                                      "collationkey": {
                                        "type": "string"
                                      },
                                      "content": {
                                        "type": "string"
                                      }
                                    }
                                  },
                                  "BiographicalNote": {
                                    "type": "string"
                                  }
                                },
                                "required": [
                                  "SequenceNumber",
                                  "ContributorRole",
                                  "PersonName",
                                  "BiographicalNote"
                                ]
                              }
                            },
                            "Language": {
                              "type": "array",
                              "items": {
                                "type": "object",
                                "properties": {
                                  "LanguageRole": {
                                    "type": "string"
                                  },
                                  "LanguageCode": {
                                    "type": "string"
                                  }
                                },
                                "required": [
                                  "LanguageRole",
                                  "LanguageCode"
                                ]
                              }
                            },
                            "Extent": {
                              "type": "array",
                              "items": {
                                "type": "object",
                                "properties": {
                                  "ExtentType": {
                                    "type": "string"
                                  },
                                  "ExtentValue": {
                                    "type": "string"
                                  },
                                  "ExtentUnit": {
                                    "type": "string"
                                  }
                                },
                                "required": [
                                  "ExtentType",
                                  "ExtentValue",
                                  "ExtentUnit"
                                ]
                              }
                            },
                            "Subject": {
                              "type": "array",
                              "items": {
                                "type": "object",
                                "properties": {
                                  "MainSubject": {
                                    "type": "string"
                                  },
                                  "SubjectSchemeIdentifier": {
                                    "type": "string"
                                  },
                                  "SubjectCode": {
                                    "type": "string"
                                  },
                                  "SubjectHeadingText": {
                                    "type": "string"
                                  }
                                },
                                "required": [
                                  "MainSubject",
                                  "SubjectSchemeIdentifier"
                                ]
                              }
                            },
                            "Audience": {
                              "type": "array",
                              "items": {
                                "type": "object",
                                "properties": {
                                  "AudienceCodeType": {
                                    "type": "string"
                                  },
                                  "AudienceCodeValue": {
                                    "type": "string"
                                  }
                                },
                                "required": [
                                  "AudienceCodeType",
                                  "AudienceCodeValue"
                                ]
                              }
                            }
                          }
                        },
                        "CollateralDetail": {
                          "type": "object",
                          "properties": {
                            "TextContent": {
                              "type": "array",
                              "items": {
                                "type": "object",
                                "properties": {
                                  "TextType": {
                                    "type": "string"
                                  },
                                  "ContentAudience": {
                                    "type": "string"
                                  },
                                  "Text": {
                                    "type": "string"
                                  }
                                },
                                "required": [
                                  "TextType",
                                  "ContentAudience",
                                  "Text"
                                ]
                              }
                            },
                            "SupportingResource": {
                              "type": "array",
                              "items": {
                                "type": "object",
                                "properties": {
                                  "ResourceContentType": {
                                    "type": "string"
                                  },
                                  "ContentAudience": {
                                    "type": "string"
                                  },
                                  "ResourceMode": {
                                    "type": "string"
                                  },
                                  "ResourceVersion": {
                                    "type": "array",
                                    "items": {
                                      "type": "object",
                                      "properties": {
                                        "ResourceForm": {
                                          "type": "string"
                                        },
                                        "ResourceVersionFeature": {
                                          "type": "array",
                                          "items": {
                                            "type": "object",
                                            "properties": {
                                              "ResourceVersionFeatureType": {
                                                "type": "string"
                                              },
                                              "FeatureValue": {
                                                "type": "string"
                                              }
                                            },
                                            "required": [
                                              "ResourceVersionFeatureType",
                                              "FeatureValue"
                                            ]
                                          }
                                        },
                                        "ResourceLink": {
                                          "type": "string"
                                        }
                                      },
                                      "required": [
                                        "ResourceForm",
                                        "ResourceVersionFeature",
                                        "ResourceLink"
                                      ]
                                    }
                                  }
                                },
                                "required": [
                                  "ResourceContentType",
                                  "ContentAudience",
                                  "ResourceMode",
                                  "ResourceVersion"
                                ]
                              }
                            }
                          }
                        },
                        "PublishingDetail": {
                          "type": "object",
                          "properties": {
                            "Imprint": {
                              "type": "object",
                              "properties": {
                                "ImprintIdentifier": {
                                  "type": "array",
                                  "items": {
                                    "type": "object",
                                    "properties": {
                                      "ImprintIDType": {
                                        "type": "string"
                                      },
                                      "IDValue": {
                                        "type": "string"
                                      }
                                    },
                                    "required": [
                                      "ImprintIDType",
                                      "IDValue"
                                    ]
                                  }
                                },
                                "ImprintName": {
                                  "type": "string"
                                }
                              }
                            },
                            "Publisher": {
                              "type": "object",
                              "properties": {
                                "PublishingRole": {
                                  "type": "string"
                                },
                                "PublisherIdentifier": {
                                  "type": "array",
                                  "items": {
                                    "type": "object",
                                    "properties": {
                                      "PublisherIDType": {
                                        "type": "string"
                                      },
                                      "IDValue": {
                                        "type": "string"
                                      }
                                    },
                                    "required": [
                                      "PublisherIDType",
                                      "IDValue"
                                    ]
                                  }
                                },
                                "PublisherName": {
                                  "type": "string"
                                }
                              }
                            },
                            "PublishingDate": {
                              "type": "array",
                              "items": {
                                "type": "object",
                                "properties": {
                                  "PublishingDateRole": {
                                    "type": "string"
                                  },
                                  "Date": {
                                    "type": "string"
                                  }
                                },
                                "required": [
                                  "PublishingDateRole",
                                  "Date"
                                ]
                              }
                            }
                          }
                        },
                        "ProductSupply": {
                          "type": "object",
                          "properties": {
                            "SupplyDetail": {
                              "type": "object",
                              "properties": {
                                "ReturnsConditions": {
                                  "type": "object",
                                  "properties": {
                                    "ReturnsCodeType": {
                                      "type": "string"
                                    },
                                    "ReturnsCode": {
                                      "type": "string"
                                    }
                                  }
                                },
                                "ProductAvailability": {
                                  "type": "string"
                                },
                                "Price": {
                                  "type": "array",
                                  "items": {
                                    "type": "object",
                                    "properties": {
                                      "PriceType": {
                                        "type": "string"
                                      },
                                      "PriceAmount": {
                                        "type": "string"
                                      },
                                      "CurrencyCode": {
                                        "type": "string"
                                      }
                                    },
                                    "required": [
                                      "PriceType",
                                      "PriceAmount",
                                      "CurrencyCode"
                                    ]
                                  }
                                }
                              }
                            }
                          }
                        }
                      }
                    },
                    "hanmoto": {
                      "type": "object",
                      "properties": {
                        "datemodified": {
                          "type": "string"
                        },
                        "datecreated": {
                          "type": "string"
                        }
                      }
                    },
                    "summary": {
                      "type": "object",
                      "properties": {
                        "isbn": {
                          "type": "string"
                        },
                        "title": {
                          "type": "string"
                        },
                        "volume": {
                          "type": "string"
                        },
                        "series": {
                          "type": "string"
                        },
                        "publisher": {
                          "type": "string"
                        },
                        "pubdate": {
                          "type": "string"
                        },
                        "cover": {
                          "type": "string"
                        },
                        "author": {
                          "type": "string"
                        }
                      }
                    }
                  }
                }
              }
            }
          },
          "runAfter": {
            "変数を初期化する": [
              "Succeeded"
            ]
          },
          "else": {
            "actions": {
              "EndpointURL_2": {
                "runAfter": {},
                "metadata": {
                  "operationMetadataId": "170ff3d4-27ee-4bd6-8382-66235eff1b56"
                },
                "type": "Compose",
                "inputs": "https://iss.ndl.go.jp/api/sru?operation=searchRetrieve&version=1.2&recordSchema=dcndl&onlyBib=true&recordPacking=xml&query=isbn=\"@{triggerBody()['text']}\" AND dpid=iss-ndl-opac"
              },
              "HTTP_2": {
                "runAfter": {
                  "EndpointURL_2": [
                    "Succeeded"
                  ]
                },
                "metadata": {
                  "operationMetadataId": "18a5fccd-adbc-470f-8cfc-46b4330b75a2"
                },
                "type": "Http",
                "inputs": {
                  "method": "GET",
                  "uri": "@{outputs('EndpointURL_2')}"
                }
              },
              "Body_2": {
                "runAfter": {
                  "HTTP_2": [
                    "Succeeded"
                  ]
                },
                "metadata": {
                  "operationMetadataId": "7f40f2ea-c814-46f1-b5b4-5c67b0b16154"
                },
                "type": "Compose",
                "inputs": "@json(xml(body('HTTP_2')))",
                "description": "json(xml(body('HTTP_2')))"
              },
              "JSON_の解析_2": {
                "runAfter": {
                  "Body_2": [
                    "Succeeded"
                  ]
                },
                "metadata": {
                  "operationMetadataId": "e45bacb2-c8e9-4afd-8e40-2db85b203436"
                },
                "type": "ParseJson",
                "inputs": {
                  "content": "@outputs('Body_2')",
                  "schema": {
                    "type": "object",
                    "properties": {
                      "?xml": {
                        "type": "object",
                        "properties": {
                          "@@version": {
                            "type": "string"
                          },
                          "@@encoding": {
                            "type": "string"
                          }
                        }
                      },
                      "searchRetrieveResponse": {
                        "type": "object",
                        "properties": {
                          "@@xmlns": {
                            "type": "string"
                          },
                          "version": {
                            "type": "string"
                          },
                          "numberOfRecords": {
                            "type": "string"
                          },
                          "nextRecordPosition": {
                            "type": "string"
                          },
                          "extraResponseData": {
                            "type": "string"
                          },
                          "records": {
                            "type": "object",
                            "properties": {
                              "record": {
                                "type": "object",
                                "properties": {
                                  "recordSchema": {
                                    "type": "string"
                                  },
                                  "recordPacking": {
                                    "type": "string"
                                  },
                                  "recordData": {
                                    "type": "object",
                                    "properties": {
                                      "rdf:RDF": {
                                        "type": "object",
                                        "properties": {
                                          "@@xmlns:rdf": {
                                            "type": "string"
                                          },
                                          "@@xmlns:rdfs": {
                                            "type": "string"
                                          },
                                          "@@xmlns:dc": {
                                            "type": "string"
                                          },
                                          "@@xmlns:dcterms": {
                                            "type": "string"
                                          },
                                          "@@xmlns:dcndl": {
                                            "type": "string"
                                          },
                                          "@@xmlns:foaf": {
                                            "type": "string"
                                          },
                                          "@@xmlns:owl": {
                                            "type": "string"
                                          },
                                          "dcndl:BibAdminResource": {
                                            "type": "object",
                                            "properties": {
                                              "@@rdf:about": {
                                                "type": "string"
                                              },
                                              "dcndl:catalogingStatus": {
                                                "type": "string"
                                              },
                                              "dcndl:catalogingRule": {
                                                "type": "string"
                                              },
                                              "dcndl:bibRecordCategory": {
                                                "type": "string"
                                              },
                                              "dcndl:bibRecordSubCategory": {
                                                "type": "string"
                                              },
                                              "dcndl:record": {
                                                "type": "object",
                                                "properties": {
                                                  "@@rdf:resource": {
                                                    "type": "string"
                                                  }
                                                }
                                              }
                                            }
                                          },
                                          "dcndl:BibResource": {
                                            "type": "object",
                                            "properties": {
                                              "@@rdf:about": {
                                                "type": "string"
                                              },
                                              "dcterms:identifier": {
                                                "type": "array",
                                                "items": {
                                                  "type": "object",
                                                  "properties": {
                                                    "@@rdf:datatype": {
                                                      "type": "string"
                                                    },
                                                    "#text": {
                                                      "type": "string"
                                                    }
                                                  },
                                                  "required": [
                                                    "@@rdf:datatype",
                                                    "#text"
                                                  ]
                                                }
                                              },
                                              "rdfs:seeAlso": {
                                                "type": "array",
                                                "items": {
                                                  "type": "object",
                                                  "properties": {
                                                    "@@rdf:resource": {
                                                      "type": "string"
                                                    }
                                                  },
                                                  "required": [
                                                    "@@rdf:resource"
                                                  ]
                                                }
                                              },
                                              "dcterms:title": {
                                                "type": "string"
                                              },
                                              "dc:title": {
                                                "type": "object",
                                                "properties": {
                                                  "rdf:Description": {
                                                    "type": "object",
                                                    "properties": {
                                                      "rdf:value": {
                                                        "type": "string"
                                                      },
                                                      "dcndl:transcription": {
                                                        "type": "string"
                                                      }
                                                    }
                                                  }
                                                }
                                              },
                                              "dcndl:seriesTitle": {
                                                "type": "object",
                                                "properties": {
                                                  "rdf:Description": {
                                                    "type": "object",
                                                    "properties": {
                                                      "rdf:value": {
                                                        "type": "string"
                                                      },
                                                      "dcndl:transcription": {
                                                        "type": "string"
                                                      }
                                                    }
                                                  }
                                                }
                                              },
                                              "dcterms:creator": {
                                                "type": "object",
                                                "properties": {
                                                  "foaf:Agent": {
                                                    "type": "object",
                                                    "properties": {
                                                      "@@rdf:about": {
                                                        "type": "string"
                                                      },
                                                      "foaf:name": {
                                                        "type": "string"
                                                      }
                                                    }
                                                  }
                                                }
                                              },
                                              "dc:creator": {
                                                "type": "string"
                                              },
                                              "dcterms:publisher": {
                                                "type": "object",
                                                "properties": {
                                                  "foaf:Agent": {
                                                    "type": "object",
                                                    "properties": {
                                                      "foaf:name": {
                                                        "type": "string"
                                                      },
                                                      "dcndl:transcription": {
                                                        "type": "string"
                                                      },
                                                      "dcndl:location": {
                                                        "type": "string"
                                                      }
                                                    }
                                                  }
                                                }
                                              },
                                              "dcndl:publicationPlace": {
                                                "type": "object",
                                                "properties": {
                                                  "@@rdf:datatype": {
                                                    "type": "string"
                                                  },
                                                  "#text": {
                                                    "type": "string"
                                                  }
                                                }
                                              },
                                              "dcterms:date": {
                                                "type": "string"
                                              },
                                              "dcterms:issued": {
                                                "type": "object",
                                                "properties": {
                                                  "@@rdf:datatype": {
                                                    "type": "string"
                                                  },
                                                  "#text": {
                                                    "type": "string"
                                                  }
                                                }
                                              },
                                              "dcterms:description": {
                                                "type": "array",
                                                "items": {
                                                  "type": "string"
                                                }
                                              },
                                              "dcterms:subject": {
                                                "type": "array",
                                                "items": {
                                                  "type": "object",
                                                  "properties": {
                                                    "rdf:Description": {
                                                      "type": "object",
                                                      "properties": {
                                                        "@@rdf:about": {
                                                          "type": "string"
                                                        },
                                                        "rdf:value": {
                                                          "type": "string"
                                                        }
                                                      }
                                                    },
                                                    "@@rdf:resource": {
                                                      "type": "string"
                                                    }
                                                  },
                                                  "required": []
                                                }
                                              },
                                              "dcterms:language": {
                                                "type": "object",
                                                "properties": {
                                                  "@@rdf:datatype": {
                                                    "type": "string"
                                                  },
                                                  "#text": {
                                                    "type": "string"
                                                  }
                                                }
                                              },
                                              "dcterms:extent": {
                                                "type": "string"
                                              },
                                              "dcndl:price": {
                                                "type": "string"
                                              },
                                              "dcterms:audience": {
                                                "type": "string"
                                              },
                                              "dcndl:materialType": {
                                                "type": "object",
                                                "properties": {
                                                  "@@rdf:resource": {
                                                    "type": "string"
                                                  },
                                                  "@@rdfs:label": {
                                                    "type": "string"
                                                  }
                                                }
                                              },
                                              "dcterms:accessRights": {
                                                "type": "string"
                                              }
                                            }
                                          }
                                        }
                                      }
                                    }
                                  },
                                  "recordPosition": {
                                    "type": "string"
                                  }
                                }
                              }
                            }
                          }
                        }
                      }
                    }
                  }
                }
              },
              "変数の設定_2": {
                "runAfter": {
                  "JSON_の解析_2": [
                    "Succeeded"
                  ]
                },
                "metadata": {
                  "operationMetadataId": "bb5197af-1555-49b3-9de6-7f9d6ff48ad3"
                },
                "type": "SetVariable",
                "inputs": {
                  "name": "Info",
                  "value": {
                    "ISBN": "@{triggerBody()['text']}",
                    "書誌画像URL": "https://iss.ndl.go.jp/thumbnail/@{triggerBody()['text']}",
                    "書名": "@{body('JSON_の解析_2')?['searchRetrieveResponse']?['records']?['record']?['recordData']?['rdf:RDF']?['dcndl:BibResource']?['dcterms:title']}",
                    "著者": "@{body('JSON_の解析_2')?['searchRetrieveResponse']?['records']?['record']?['recordData']?['rdf:RDF']?['dcndl:BibResource']?['dc:creator']}",
                    "分類": "",
                    "場所": "",
                    "発行日": "@{body('JSON_の解析_2')?['searchRetrieveResponse']?['records']?['record']?['recordData']?['rdf:RDF']?['dcndl:BibResource']?['dcterms:date']}",
                    "発行者": "@{body('JSON_の解析_2')?['searchRetrieveResponse']?['records']?['record']?['recordData']?['rdf:RDF']?['dcndl:BibResource']?['dcterms:publisher']?['foaf:Agent']?['foaf:name']}",
                    "備考": ""
                  }
                }
              }
            }
          },
          "expression": {
            "equals": [
              "@triggerBody()['boolean']",
              true
            ]
          },
          "metadata": {
            "operationMetadataId": "5381afde-885d-460b-bad3-476b821a979b"
          },
          "type": "If"
        },
        "変数を初期化する": {
          "runAfter": {},
          "metadata": {
            "operationMetadataId": "4247e199-8bcf-4beb-9c63-62bbc1afad5f"
          },
          "type": "InitializeVariable",
          "inputs": {
            "variables": [
              {
                "name": "Info",
                "type": "object",
                "value": {
                  "ISBN": "",
                  "書誌画像URL": "",
                  "書名": "",
                  "著者": "",
                  "分類": "",
                  "場所": "",
                  "発行日": "",
                  "発行者": "",
                  "備考": ""
                }
              }
            ]
          }
        },
        "応答": {
          "runAfter": {
            "条件": [
              "Succeeded"
            ]
          },
          "metadata": {
            "operationMetadataId": "fc5840c6-c241-435d-8408-b63c860baa46"
          },
          "type": "Response",
          "kind": "Http",
          "inputs": {
            "statusCode": 200,
            "body": "@variables('Info')",
            "schema": {
              "type": "object",
              "properties": {
                "ISBN": {
                  "type": "string"
                },
                "書誌画像URL": {
                  "type": "string"
                },
                "書名": {
                  "type": "string"
                },
                "著者": {
                  "type": "string"
                },
                "分類": {
                  "type": "string"
                },
                "場所": {
                  "type": "string"
                },
                "発行日": {
                  "type": "string"
                },
                "発行者": {
                  "type": "string"
                },
                "備考": {
                  "type": "string"
                }
              }
            }
          }
        }
      }
    },
    "templateName": ""
  },
  "schemaVersion": "1.0.0.0"
}